Timestamp,Celcius,Farenheit
2018-02-19 20:48:46,21.25,70.25
2018-02-19 20:48:47,21.25,70.25
2018-02-19 20:48:48,21.312,70.36160000000001
2018-02-19 20:48:49,21.312,70.36160000000001
2018-02-19 20:48:50,21.312,70.36160000000001
2018-02-19 20:48:51,21.312,70.36160000000001
2018-02-19 20:48:52,21.375,70.475
2018-02-19 20:48:52,21.312,70.36160000000001
2018-02-19 20:48:53,21.375,70.475
2018-02-19 20:48:54,21.375,70.475
2018-02-19 20:48:55,21.375,70.475
2018-02-19 20:48:56,21.375,70.475
2018-02-19 20:48:57,21.375,70.475
2018-02-19 20:48:58,21.375,70.475
2018-02-19 20:48:59,21.375,70.475
2018-02-19 20:48:59,21.375,70.475
2018-02-19 20:49:00,21.375,70.475
2018-02-19 20:49:01,21.375,70.475
2018-02-19 20:49:02,21.375,70.475
2018-02-19 20:49:03,21.375,70.475
2018-02-19 20:49:04,21.375,70.475
2018-02-19 20:49:05,21.437,70.5866
2018-02-19 20:49:06,21.375,70.475
2018-02-19 20:49:07,21.437,70.5866
2018-02-19 20:49:07,21.437,70.5866
2018-02-19 20:49:08,21.437,70.5866
2018-02-19 20:49:09,21.437,70.5866
2018-02-19 20:49:10,21.437,70.5866
2018-02-19 20:49:11,21.437,70.5866
2018-02-19 20:49:12,21.437,70.5866
2018-02-19 20:49:13,21.437,70.5866
2018-02-19 20:49:14,21.437,70.5866
2018-02-19 20:49:14,21.437,70.5866
2018-02-19 20:49:15,21.437,70.5866
2018-02-19 20:49:16,21.437,70.5866
2018-02-19 20:49:17,21.437,70.5866
2018-02-19 20:49:18,21.375,70.475
2018-02-19 20:49:19,21.375,70.475
2018-02-19 20:49:20,21.375,70.475
2018-02-19 20:49:21,21.375,70.475
2018-02-19 20:49:21,21.375,70.475
2018-02-19 20:49:22,21.375,70.475
2018-02-19 20:49:23,21.375,70.475
2018-02-19 20:49:24,21.375,70.475
2018-02-19 20:49:25,21.375,70.475
2018-02-19 20:49:26,21.375,70.475
2018-02-19 20:49:27,21.375,70.475
2018-02-19 20:49:28,21.437,70.5866
2018-02-19 20:49:29,21.375,70.475
2018-02-19 20:49:29,21.437,70.5866
2018-02-19 20:49:30,21.437,70.5866
2018-02-19 20:49:31,21.437,70.5866
2018-02-19 20:49:32,21.437,70.5866
2018-02-19 20:49:33,21.437,70.5866
2018-02-19 20:49:34,21.437,70.5866
2018-02-19 20:49:35,21.437,70.5866
2018-02-19 20:49:36,21.437,70.5866
2018-02-19 20:49:36,21.437,70.5866
2018-02-19 20:49:37,21.437,70.5866
2018-02-19 20:49:38,21.375,70.475
2018-02-19 20:49:39,21.437,70.5866
2018-02-19 20:49:40,21.437,70.5866
2018-02-19 20:49:41,21.375,70.475
2018-02-19 20:49:42,21.437,70.5866
2018-02-19 20:49:43,21.437,70.5866
2018-02-19 20:49:43,21.437,70.5866
2018-02-19 20:49:44,21.437,70.5866
2018-02-19 20:49:45,21.437,70.5866
2018-02-19 20:49:46,21.375,70.475
2018-02-19 20:49:47,21.375,70.475
2018-02-19 20:49:48,21.437,70.5866
2018-02-19 20:49:49,21.375,70.475
2018-02-19 20:49:50,21.375,70.475
2018-02-19 20:49:51,21.375,70.475
2018-02-19 20:49:51,21.375,70.475
2018-02-19 20:49:52,21.437,70.5866
2018-02-19 20:49:53,21.437,70.5866
2018-02-19 20:49:54,21.437,70.5866
2018-02-19 20:49:55,21.375,70.475
2018-02-19 20:49:56,21.375,70.475
2018-02-19 20:49:57,21.375,70.475
2018-02-19 20:49:58,21.437,70.5866
2018-02-19 20:49:58,21.437,70.5866
2018-02-19 20:49:59,21.375,70.475
2018-02-19 20:50:00,21.375,70.475
2018-02-19 20:50:01,21.375,70.475
2018-02-19 20:50:02,21.375,70.475
2018-02-19 20:50:03,21.375,70.475
2018-02-19 20:50:04,21.375,70.475
2018-02-19 20:50:05,21.375,70.475
2018-02-19 20:50:06,21.375,70.475
2018-02-19 20:50:06,21.375,70.475
2018-02-19 20:50:07,21.375,70.475
2018-02-19 20:50:08,21.375,70.475
2018-02-19 20:50:09,21.375,70.475
2018-02-19 20:50:10,21.375,70.475
2018-02-19 20:50:11,21.375,70.475
2018-02-19 20:50:12,21.375,70.475
2018-02-19 20:50:13,21.375,70.475
2018-02-19 20:50:13,21.375,70.475
2018-02-19 20:50:14,21.375,70.475
2018-02-19 20:50:15,21.375,70.475
2018-02-19 20:50:16,21.375,70.475
2018-02-19 20:50:17,21.375,70.475
2018-02-19 20:50:18,21.375,70.475
2018-02-19 20:50:19,21.375,70.475
2018-02-19 20:50:20,21.375,70.475
2018-02-19 20:50:21,21.375,70.475
2018-02-19 20:50:21,21.375,70.475
2018-02-19 20:50:22,21.375,70.475
2018-02-19 20:50:23,21.375,70.475
2018-02-19 20:50:24,21.375,70.475
2018-02-19 20:50:25,21.375,70.475
2018-02-19 20:50:26,21.375,70.475
2018-02-19 20:50:27,21.375,70.475
2018-02-19 20:50:28,21.375,70.475
2018-02-19 20:50:28,21.375,70.475
2018-02-19 20:50:29,21.375,70.475
2018-02-19 20:50:30,21.312,70.36160000000001
2018-02-19 20:50:31,21.375,70.475
2018-02-19 20:50:32,21.375,70.475
2018-02-19 20:50:33,21.375,70.475
2018-02-19 20:50:34,21.375,70.475
2018-02-19 20:50:35,21.375,70.475
2018-02-19 20:50:35,21.375,70.475
2018-02-19 20:50:36,21.375,70.475
2018-02-19 20:50:37,21.375,70.475
2018-02-19 20:50:38,21.375,70.475
2018-02-19 20:50:39,21.312,70.36160000000001
2018-02-19 20:50:40,21.375,70.475
2018-02-19 20:50:41,21.375,70.475
2018-02-19 20:50:42,21.375,70.475
2018-02-19 20:50:43,21.375,70.475
2018-02-19 20:50:43,21.375,70.475
2018-02-19 20:50:44,21.375,70.475
2018-02-19 20:50:45,21.375,70.475
2018-02-19 20:50:46,21.375,70.475
2018-02-19 20:50:47,21.375,70.475
2018-02-19 20:50:48,21.375,70.475
2018-02-19 20:50:49,21.375,70.475
2018-02-19 20:50:50,21.375,70.475
2018-02-19 20:50:50,21.375,70.475
2018-02-19 20:50:51,21.375,70.475
2018-02-19 20:50:52,21.375,70.475
2018-02-19 20:50:53,21.375,70.475
2018-02-19 20:50:54,21.375,70.475
2018-02-19 20:50:55,21.375,70.475
2018-02-19 20:50:56,21.375,70.475
2018-02-19 20:50:57,21.375,70.475
2018-02-19 20:50:57,21.375,70.475
2018-02-19 20:50:58,21.375,70.475
2018-02-19 20:50:59,21.437,70.5866
2018-02-19 20:51:00,21.437,70.5866
2018-02-19 20:51:01,21.437,70.5866
2018-02-19 20:51:02,21.437,70.5866
2018-02-19 20:51:03,21.437,70.5866
2018-02-19 20:51:04,21.437,70.5866
2018-02-19 20:51:05,21.437,70.5866
2018-02-19 20:51:05,21.437,70.5866
2018-02-19 20:51:06,21.437,70.5866
2018-02-19 20:51:07,21.437,70.5866
2018-02-19 20:51:08,21.437,70.5866
2018-02-19 20:51:09,21.437,70.5866
2018-02-19 20:51:10,21.437,70.5866
2018-02-19 20:51:11,21.437,70.5866
2018-02-19 20:51:12,21.437,70.5866
2018-02-19 20:51:12,21.437,70.5866
2018-02-19 20:51:13,21.437,70.5866
2018-02-19 20:51:14,21.437,70.5866
2018-02-19 20:51:15,21.437,70.5866
2018-02-19 20:51:16,21.437,70.5866
2018-02-19 20:51:17,21.437,70.5866
2018-02-19 20:51:18,21.437,70.5866
2018-02-19 20:51:19,21.437,70.5866
2018-02-19 20:51:19,21.437,70.5866
2018-02-19 20:51:20,21.375,70.475
2018-02-19 20:51:21,21.375,70.475
2018-02-19 20:51:22,21.375,70.475
2018-02-19 20:51:23,21.375,70.475
2018-02-19 20:51:24,21.375,70.475
2018-02-19 20:51:25,21.375,70.475
2018-02-19 20:51:26,21.375,70.475
2018-02-19 20:51:27,21.375,70.475
2018-02-19 20:51:27,21.375,70.475
2018-02-19 20:51:28,21.375,70.475
2018-02-19 20:51:29,21.375,70.475
2018-02-19 20:51:30,21.375,70.475
2018-02-19 20:51:31,21.375,70.475
2018-02-19 20:51:32,21.375,70.475
2018-02-19 20:51:33,21.375,70.475
2018-02-19 20:51:34,21.375,70.475
2018-02-19 20:51:35,21.375,70.475
2018-02-19 20:51:35,21.375,70.475
2018-02-19 20:51:36,21.375,70.475
2018-02-19 20:51:37,21.375,70.475
2018-02-19 20:51:38,21.375,70.475
2018-02-19 20:51:39,21.375,70.475
2018-02-19 20:51:40,21.375,70.475
2018-02-19 20:51:41,21.375,70.475
2018-02-19 20:51:42,21.375,70.475
2018-02-19 20:51:42,21.312,70.36160000000001
2018-02-19 20:51:43,21.312,70.36160000000001
2018-02-19 20:51:44,21.312,70.36160000000001
2018-02-19 20:51:45,21.312,70.36160000000001
2018-02-19 20:51:46,21.312,70.36160000000001
2018-02-19 20:51:47,21.312,70.36160000000001
2018-02-19 20:51:48,21.312,70.36160000000001
2018-02-19 20:51:49,21.312,70.36160000000001
2018-02-19 20:51:49,21.312,70.36160000000001
2018-02-19 20:51:50,21.312,70.36160000000001
2018-02-19 20:51:51,21.312,70.36160000000001
2018-02-19 20:51:52,21.312,70.36160000000001
2018-02-19 20:51:53,21.312,70.36160000000001
2018-02-19 20:51:54,21.312,70.36160000000001
2018-02-19 20:51:55,21.312,70.36160000000001
2018-02-19 20:51:56,21.375,70.475
2018-02-19 20:51:57,21.375,70.475
2018-02-19 20:51:57,21.312,70.36160000000001
2018-02-19 20:51:58,21.312,70.36160000000001
2018-02-19 20:51:59,21.312,70.36160000000001
2018-02-19 20:52:00,21.375,70.475
2018-02-19 20:52:01,21.375,70.475
2018-02-19 20:52:02,21.375,70.475
2018-02-19 20:52:03,21.375,70.475
2018-02-19 20:52:04,21.312,70.36160000000001
2018-02-19 20:52:04,21.312,70.36160000000001
2018-02-19 20:52:05,21.312,70.36160000000001
2018-02-19 20:52:06,21.375,70.475
2018-02-19 20:52:07,21.312,70.36160000000001
2018-02-19 20:52:08,21.312,70.36160000000001
2018-02-19 20:52:09,21.312,70.36160000000001
2018-02-19 20:52:10,21.375,70.475
2018-02-19 20:52:11,21.312,70.36160000000001
2018-02-19 20:52:11,21.312,70.36160000000001
2018-02-19 20:52:12,21.312,70.36160000000001
2018-02-19 20:52:13,21.312,70.36160000000001
2018-02-19 20:52:14,21.312,70.36160000000001
2018-02-19 20:52:15,21.312,70.36160000000001
2018-02-19 20:52:16,21.312,70.36160000000001
2018-02-19 20:52:17,21.312,70.36160000000001
2018-02-19 20:52:18,21.312,70.36160000000001
2018-02-19 20:52:19,21.312,70.36160000000001
2018-02-19 20:52:19,21.312,70.36160000000001
2018-02-19 20:52:20,21.312,70.36160000000001
2018-02-19 20:52:21,21.312,70.36160000000001
2018-02-19 20:52:22,21.312,70.36160000000001
2018-02-19 20:52:23,21.312,70.36160000000001
2018-02-19 20:52:24,21.312,70.36160000000001
2018-02-19 20:52:25,21.312,70.36160000000001
2018-02-19 20:52:26,21.312,70.36160000000001
2018-02-19 20:52:26,21.312,70.36160000000001
2018-02-19 20:52:27,21.312,70.36160000000001
2018-02-19 20:52:28,21.312,70.36160000000001
2018-02-19 20:52:29,21.312,70.36160000000001
2018-02-19 20:52:30,21.312,70.36160000000001
2018-02-19 20:52:31,21.312,70.36160000000001
2018-02-19 20:52:32,21.312,70.36160000000001
2018-02-19 20:52:33,21.312,70.36160000000001
2018-02-19 20:52:33,21.312,70.36160000000001
2018-02-19 20:52:34,21.312,70.36160000000001
2018-02-19 20:52:35,21.312,70.36160000000001
2018-02-19 20:52:36,21.312,70.36160000000001
2018-02-19 20:52:37,21.312,70.36160000000001
2018-02-19 20:52:38,21.312,70.36160000000001
2018-02-19 20:52:39,21.312,70.36160000000001
2018-02-19 20:52:40,21.312,70.36160000000001
2018-02-19 20:52:41,21.312,70.36160000000001
2018-02-19 20:52:41,21.312,70.36160000000001
2018-02-19 20:52:42,21.312,70.36160000000001
2018-02-19 20:52:43,21.312,70.36160000000001
2018-02-19 20:52:44,21.312,70.36160000000001
2018-02-19 20:52:45,21.312,70.36160000000001
2018-02-19 20:52:46,21.312,70.36160000000001
2018-02-19 20:52:47,21.312,70.36160000000001
2018-02-19 20:52:48,21.312,70.36160000000001
2018-02-19 20:52:49,21.312,70.36160000000001
2018-02-19 20:52:49,21.312,70.36160000000001
2018-02-19 20:52:50,21.312,70.36160000000001
2018-02-19 20:52:51,21.312,70.36160000000001
2018-02-19 20:52:52,21.312,70.36160000000001
2018-02-19 20:52:53,21.312,70.36160000000001
2018-02-19 20:52:54,21.312,70.36160000000001
2018-02-19 20:52:55,21.312,70.36160000000001
2018-02-19 20:52:56,21.312,70.36160000000001
2018-02-19 20:52:56,21.312,70.36160000000001
2018-02-19 20:52:57,21.312,70.36160000000001
2018-02-19 20:52:58,21.312,70.36160000000001
2018-02-19 20:52:59,21.312,70.36160000000001
2018-02-19 20:53:00,21.312,70.36160000000001
2018-02-19 20:53:01,21.312,70.36160000000001
2018-02-19 20:53:02,21.312,70.36160000000001
2018-02-19 20:53:03,21.312,70.36160000000001
2018-02-19 20:53:03,21.312,70.36160000000001
2018-02-19 20:53:04,21.312,70.36160000000001
2018-02-19 20:53:05,21.312,70.36160000000001
2018-02-19 20:53:06,21.312,70.36160000000001
2018-02-19 20:53:07,21.312,70.36160000000001
2018-02-19 20:53:08,21.312,70.36160000000001
2018-02-19 20:53:09,21.312,70.36160000000001
2018-02-19 20:53:10,21.312,70.36160000000001
2018-02-19 20:53:11,21.312,70.36160000000001
2018-02-19 20:53:11,21.312,70.36160000000001
2018-02-19 20:53:12,21.312,70.36160000000001
2018-02-19 20:53:13,21.312,70.36160000000001
2018-02-19 20:53:14,21.312,70.36160000000001
2018-02-19 20:53:15,21.312,70.36160000000001
2018-02-19 20:53:16,21.312,70.36160000000001
2018-02-19 20:53:17,21.312,70.36160000000001
2018-02-19 20:53:18,21.312,70.36160000000001
2018-02-19 20:53:18,21.375,70.475
2018-02-19 20:53:19,21.312,70.36160000000001
2018-02-19 20:53:20,21.312,70.36160000000001
2018-02-19 20:53:21,21.312,70.36160000000001
2018-02-19 20:53:22,21.312,70.36160000000001
2018-02-19 20:53:23,21.312,70.36160000000001
2018-02-19 20:53:24,21.312,70.36160000000001
2018-02-19 20:53:25,21.375,70.475
2018-02-19 20:53:25,21.312,70.36160000000001
2018-02-19 20:53:26,21.312,70.36160000000001
2018-02-19 20:53:27,21.375,70.475
2018-02-19 20:53:28,21.375,70.475
2018-02-19 20:53:29,21.312,70.36160000000001
2018-02-19 20:53:30,21.375,70.475
2018-02-19 20:53:31,21.375,70.475
2018-02-19 20:53:32,21.375,70.475
2018-02-19 20:53:33,21.375,70.475
2018-02-19 20:53:33,21.375,70.475
2018-02-19 20:53:34,21.375,70.475
2018-02-19 20:53:35,21.375,70.475
2018-02-19 20:53:36,21.312,70.36160000000001
2018-02-19 20:53:37,21.375,70.475
2018-02-19 20:53:38,21.375,70.475
2018-02-19 20:53:39,21.375,70.475
2018-02-19 20:53:40,21.375,70.475
2018-02-19 20:53:40,21.375,70.475
2018-02-19 20:53:41,21.375,70.475
2018-02-19 20:53:42,21.312,70.36160000000001
2018-02-19 20:53:43,21.375,70.475
2018-02-19 20:53:44,21.375,70.475
2018-02-19 20:53:45,21.375,70.475
2018-02-19 20:53:46,21.312,70.36160000000001
2018-02-19 20:53:47,21.375,70.475
2018-02-19 20:53:47,21.375,70.475
2018-02-19 20:53:48,21.375,70.475
2018-02-19 20:53:49,21.312,70.36160000000001
2018-02-19 20:53:50,21.375,70.475
2018-02-19 20:53:51,21.312,70.36160000000001
2018-02-19 20:53:52,21.375,70.475
2018-02-19 20:53:53,21.375,70.475
2018-02-19 20:53:54,21.375,70.475
2018-02-19 20:53:55,21.375,70.475
2018-02-19 20:53:55,21.312,70.36160000000001
2018-02-19 20:53:56,21.312,70.36160000000001
2018-02-19 20:53:57,21.312,70.36160000000001
2018-02-19 20:53:59,21.312,70.36160000000001
2018-02-19 20:54:00,21.312,70.36160000000001
2018-02-19 20:54:01,21.312,70.36160000000001
2018-02-19 20:54:02,21.312,70.36160000000001
2018-02-19 20:54:02,21.312,70.36160000000001
2018-02-19 20:54:03,21.375,70.475
2018-02-19 20:54:04,21.375,70.475
2018-02-19 20:54:05,21.375,70.475
2018-02-19 20:54:06,21.375,70.475
2018-02-19 20:54:07,21.375,70.475
2018-02-19 20:54:08,21.375,70.475
2018-02-19 20:54:09,21.375,70.475
2018-02-19 20:54:10,21.375,70.475
2018-02-19 20:54:10,21.375,70.475
2018-02-19 20:54:11,21.375,70.475
2018-02-19 20:54:12,21.375,70.475
2018-02-19 20:54:13,21.375,70.475
2018-02-19 20:54:14,21.375,70.475
2018-02-19 20:54:15,21.375,70.475
2018-02-19 20:54:16,21.375,70.475
2018-02-19 20:54:17,21.375,70.475
2018-02-19 20:54:17,21.375,70.475
2018-02-19 20:54:18,21.375,70.475
2018-02-19 20:54:19,21.375,70.475
2018-02-19 20:54:20,21.375,70.475
2018-02-19 20:54:21,21.375,70.475
2018-02-19 20:54:22,21.375,70.475
2018-02-19 20:54:23,21.375,70.475
2018-02-19 20:54:24,21.375,70.475
2018-02-19 20:54:25,21.375,70.475
2018-02-19 20:54:25,21.375,70.475
2018-02-19 20:54:26,21.375,70.475
2018-02-19 20:54:27,21.375,70.475
2018-02-19 20:54:28,21.375,70.475
2018-02-19 20:54:29,21.375,70.475
2018-02-19 20:54:30,21.375,70.475
2018-02-19 20:54:31,21.375,70.475
2018-02-19 20:54:32,21.375,70.475
2018-02-19 20:54:32,21.375,70.475
2018-02-19 20:54:33,21.375,70.475
2018-02-19 20:54:34,21.375,70.475
2018-02-19 20:54:35,21.375,70.475
2018-02-19 20:54:36,21.375,70.475
2018-02-19 20:54:37,21.375,70.475
2018-02-19 20:54:38,21.375,70.475
2018-02-19 20:54:39,21.375,70.475
2018-02-19 20:54:39,21.375,70.475
2018-02-19 20:54:40,21.375,70.475
2018-02-19 20:54:41,21.375,70.475
2018-02-19 20:54:42,21.375,70.475
2018-02-19 20:54:43,21.375,70.475
2018-02-19 20:54:44,21.375,70.475
2018-02-19 20:54:45,21.375,70.475
2018-02-19 20:54:46,21.375,70.475
2018-02-19 20:54:47,21.375,70.475
2018-02-19 20:54:47,21.375,70.475
2018-02-19 20:54:48,21.375,70.475
2018-02-19 20:54:49,21.375,70.475
2018-02-19 20:54:50,21.375,70.475
2018-02-19 20:54:51,21.375,70.475
2018-02-19 20:54:52,21.375,70.475
2018-02-19 20:54:53,21.375,70.475
2018-02-19 20:54:54,21.375,70.475
2018-02-19 20:54:54,21.375,70.475
2018-02-19 20:54:55,21.375,70.475
2018-02-19 20:54:56,21.375,70.475
2018-02-19 20:54:57,21.375,70.475
2018-02-19 20:54:58,21.375,70.475
2018-02-19 20:54:59,21.375,70.475
2018-02-19 20:55:00,21.375,70.475
2018-02-19 20:55:01,21.375,70.475
2018-02-19 20:55:01,21.375,70.475
2018-02-19 20:55:02,21.375,70.475
2018-02-19 20:55:03,21.375,70.475
2018-02-19 20:55:04,21.375,70.475
2018-02-19 20:55:05,21.375,70.475
2018-02-19 20:55:06,21.312,70.36160000000001
2018-02-19 20:55:07,21.375,70.475
2018-02-19 20:55:08,21.375,70.475
2018-02-19 20:55:09,21.375,70.475
2018-02-19 20:55:09,21.375,70.475
2018-02-19 20:55:10,21.375,70.475
2018-02-19 20:55:11,21.375,70.475
2018-02-19 20:55:12,21.375,70.475
2018-02-19 20:55:13,21.375,70.475
2018-02-19 20:55:14,21.375,70.475
2018-02-19 20:55:15,21.375,70.475
2018-02-19 20:55:16,21.375,70.475
2018-02-19 20:55:16,21.375,70.475
2018-02-19 20:55:17,21.375,70.475
2018-02-19 20:55:18,21.375,70.475
2018-02-19 20:55:19,21.375,70.475
2018-02-19 20:55:20,21.375,70.475
2018-02-19 20:55:21,21.375,70.475
2018-02-19 20:55:22,21.375,70.475
2018-02-19 20:55:23,21.375,70.475
2018-02-19 20:55:23,21.375,70.475
2018-02-19 20:55:24,21.375,70.475
2018-02-19 20:55:25,21.375,70.475
2018-02-19 20:55:26,21.375,70.475
2018-02-19 20:55:27,21.375,70.475
2018-02-19 20:55:28,21.375,70.475
2018-02-19 20:55:29,21.375,70.475
2018-02-19 20:55:30,21.375,70.475
2018-02-19 20:55:31,21.375,70.475
2018-02-19 20:55:31,21.375,70.475
2018-02-19 20:55:32,21.375,70.475
2018-02-19 20:55:33,21.375,70.475
2018-02-19 20:55:34,21.375,70.475
2018-02-19 20:55:35,21.375,70.475
2018-02-19 20:55:36,21.375,70.475
2018-02-19 20:55:37,21.375,70.475
2018-02-19 20:55:38,21.375,70.475
2018-02-19 20:55:39,21.375,70.475
2018-02-19 20:55:39,21.375,70.475
2018-02-19 20:55:40,21.375,70.475
2018-02-19 20:55:41,21.375,70.475
2018-02-19 20:55:42,21.375,70.475
2018-02-19 20:55:43,21.375,70.475
2018-02-19 20:55:44,21.375,70.475
2018-02-19 20:55:45,21.375,70.475
2018-02-19 20:55:46,21.375,70.475
2018-02-19 20:55:46,21.375,70.475
2018-02-19 20:55:47,21.375,70.475
2018-02-19 20:55:48,21.375,70.475
2018-02-19 20:55:49,21.375,70.475
2018-02-19 20:55:50,21.375,70.475
2018-02-19 20:55:51,21.375,70.475
2018-02-19 20:55:52,21.375,70.475
2018-02-19 20:55:53,21.375,70.475
2018-02-19 20:55:53,21.375,70.475
2018-02-19 20:55:54,21.375,70.475
2018-02-19 20:55:55,21.375,70.475
2018-02-19 20:55:56,21.375,70.475
2018-02-19 20:55:57,21.375,70.475
2018-02-19 20:55:58,21.375,70.475
2018-02-19 20:55:59,21.375,70.475
2018-02-19 20:56:00,21.375,70.475
2018-02-19 20:56:01,21.375,70.475
2018-02-19 20:56:01,21.375,70.475
2018-02-19 20:56:02,21.375,70.475
2018-02-19 20:56:03,21.375,70.475
2018-02-19 20:56:04,21.375,70.475
2018-02-19 20:56:05,21.375,70.475
2018-02-19 20:56:06,21.375,70.475
2018-02-19 20:56:07,21.375,70.475
2018-02-19 20:56:08,21.375,70.475
2018-02-19 20:56:08,21.375,70.475
2018-02-19 20:56:09,21.375,70.475
2018-02-19 20:56:10,21.375,70.475
2018-02-19 20:56:11,21.375,70.475
2018-02-19 20:56:12,21.375,70.475
2018-02-19 20:56:13,21.375,70.475
2018-02-19 20:56:14,21.375,70.475
2018-02-19 20:56:15,21.375,70.475
2018-02-19 20:56:15,21.375,70.475
2018-02-19 20:56:16,21.375,70.475
2018-02-19 20:56:17,21.312,70.36160000000001
2018-02-19 20:56:18,21.375,70.475
2018-02-19 20:56:19,21.312,70.36160000000001
2018-02-19 20:56:20,21.312,70.36160000000001
2018-02-19 20:56:21,21.312,70.36160000000001
2018-02-19 20:56:22,21.312,70.36160000000001
2018-02-19 20:56:23,21.312,70.36160000000001
2018-02-19 20:56:23,21.312,70.36160000000001
2018-02-19 20:56:24,21.375,70.475
2018-02-19 20:56:25,21.312,70.36160000000001
2018-02-19 20:56:26,21.375,70.475
2018-02-19 20:56:27,21.375,70.475
2018-02-19 20:56:28,21.375,70.475
2018-02-19 20:56:29,21.375,70.475
2018-02-19 20:56:30,21.375,70.475
2018-02-19 20:56:30,21.375,70.475
2018-02-19 20:56:31,21.375,70.475
2018-02-19 20:56:32,21.375,70.475
2018-02-19 20:56:33,21.375,70.475
2018-02-19 20:56:34,21.375,70.475
2018-02-19 20:56:35,21.375,70.475
2018-02-19 20:56:36,21.375,70.475
2018-02-19 20:56:37,21.375,70.475
2018-02-19 20:56:37,21.375,70.475
2018-02-19 20:56:38,21.375,70.475
2018-02-19 20:56:39,21.375,70.475
2018-02-19 20:56:40,21.312,70.36160000000001
2018-02-19 20:56:41,21.312,70.36160000000001
2018-02-19 20:56:42,21.312,70.36160000000001
2018-02-19 20:56:43,21.312,70.36160000000001
2018-02-19 20:56:44,21.312,70.36160000000001
2018-02-19 20:56:45,21.312,70.36160000000001
2018-02-19 20:56:45,21.312,70.36160000000001
2018-02-19 20:56:46,21.312,70.36160000000001
2018-02-19 20:56:47,21.312,70.36160000000001
2018-02-19 20:56:48,21.312,70.36160000000001
2018-02-19 20:56:49,21.312,70.36160000000001
2018-02-19 20:56:50,21.312,70.36160000000001
2018-02-19 20:56:51,21.312,70.36160000000001
2018-02-19 20:56:52,21.312,70.36160000000001
2018-02-19 20:56:53,21.312,70.36160000000001
2018-02-19 20:56:53,21.312,70.36160000000001
2018-02-19 20:56:54,21.312,70.36160000000001
2018-02-19 20:56:55,21.25,70.25
2018-02-19 20:56:56,21.25,70.25
2018-02-19 20:56:57,21.25,70.25
2018-02-19 20:56:58,21.25,70.25
2018-02-19 20:56:59,21.25,70.25
2018-02-19 20:57:00,21.25,70.25
2018-02-19 20:57:00,21.25,70.25
2018-02-19 20:57:01,21.25,70.25
2018-02-19 20:57:02,21.25,70.25
2018-02-19 20:57:03,21.312,70.36160000000001
2018-02-19 20:57:04,21.25,70.25
2018-02-19 20:57:05,21.25,70.25
2018-02-19 20:57:06,21.312,70.36160000000001
2018-02-19 20:57:07,21.312,70.36160000000001
2018-02-19 20:57:07,21.312,70.36160000000001
2018-02-19 20:57:08,21.312,70.36160000000001
2018-02-19 20:57:09,21.312,70.36160000000001
2018-02-19 20:57:10,21.312,70.36160000000001
2018-02-19 20:57:11,21.312,70.36160000000001
2018-02-19 20:57:12,21.312,70.36160000000001
2018-02-19 20:57:13,21.312,70.36160000000001
2018-02-19 20:57:14,21.312,70.36160000000001
2018-02-19 20:57:15,21.312,70.36160000000001
2018-02-19 20:57:15,21.312,70.36160000000001
2018-02-19 20:57:16,21.312,70.36160000000001
2018-02-19 20:57:17,21.312,70.36160000000001
2018-02-19 20:57:18,21.312,70.36160000000001
2018-02-19 20:57:19,21.312,70.36160000000001
2018-02-19 20:57:20,21.375,70.475
2018-02-19 20:57:21,21.375,70.475
2018-02-19 20:57:22,21.312,70.36160000000001
2018-02-19 20:57:22,21.312,70.36160000000001
2018-02-19 20:57:23,21.312,70.36160000000001
2018-02-19 20:57:24,21.312,70.36160000000001
2018-02-19 20:57:25,21.312,70.36160000000001
2018-02-19 20:57:26,21.312,70.36160000000001
2018-02-19 20:57:27,21.312,70.36160000000001
2018-02-19 20:57:28,21.312,70.36160000000001
2018-02-19 20:57:29,21.312,70.36160000000001
2018-02-19 20:57:29,21.312,70.36160000000001
2018-02-19 20:57:30,21.312,70.36160000000001
2018-02-19 20:57:31,21.375,70.475
2018-02-19 20:57:32,21.312,70.36160000000001
2018-02-19 20:57:33,21.312,70.36160000000001
2018-02-19 20:57:34,21.312,70.36160000000001
2018-02-19 20:57:35,21.312,70.36160000000001
2018-02-19 20:57:36,21.375,70.475
2018-02-19 20:57:37,21.312,70.36160000000001
2018-02-19 20:57:37,21.312,70.36160000000001
2018-02-19 20:57:38,21.375,70.475
2018-02-19 20:57:39,21.375,70.475
2018-02-19 20:57:40,21.375,70.475
2018-02-19 20:57:41,21.375,70.475
2018-02-19 20:57:42,21.375,70.475
2018-02-19 20:57:43,21.375,70.475
2018-02-19 20:57:44,21.375,70.475
2018-02-19 20:57:44,21.375,70.475
2018-02-19 20:57:45,21.375,70.475
2018-02-19 20:57:46,21.375,70.475
2018-02-19 20:57:47,21.375,70.475
2018-02-19 20:57:48,21.375,70.475
2018-02-19 20:57:49,21.375,70.475
2018-02-19 20:57:50,21.375,70.475
2018-02-19 20:57:51,21.375,70.475
2018-02-19 20:57:51,21.375,70.475
2018-02-19 20:57:52,21.375,70.475
2018-02-19 20:57:53,21.375,70.475
2018-02-19 20:57:54,21.312,70.36160000000001
2018-02-19 20:57:55,21.375,70.475
2018-02-19 20:57:56,21.312,70.36160000000001
2018-02-19 20:57:57,21.312,70.36160000000001
2018-02-19 20:57:58,21.375,70.475
2018-02-19 20:57:59,21.312,70.36160000000001
2018-02-19 20:57:59,21.312,70.36160000000001
2018-02-19 20:58:00,21.312,70.36160000000001
2018-02-19 20:58:01,21.312,70.36160000000001
2018-02-19 20:58:02,21.312,70.36160000000001
2018-02-19 20:58:03,21.312,70.36160000000001
2018-02-19 20:58:04,21.312,70.36160000000001
2018-02-19 20:58:05,21.312,70.36160000000001
2018-02-19 20:58:06,21.375,70.475
2018-02-19 20:58:06,21.312,70.36160000000001
2018-02-19 20:58:07,21.312,70.36160000000001
2018-02-19 20:58:08,21.312,70.36160000000001
2018-02-19 20:58:09,21.312,70.36160000000001
2018-02-19 20:58:10,21.312,70.36160000000001
2018-02-19 20:58:11,21.312,70.36160000000001
2018-02-19 20:58:12,21.312,70.36160000000001
2018-02-19 20:58:13,21.312,70.36160000000001
2018-02-19 20:58:14,21.312,70.36160000000001
2018-02-19 20:58:14,21.375,70.475
2018-02-19 20:58:15,21.375,70.475
2018-02-19 20:58:16,21.312,70.36160000000001
2018-02-19 20:58:17,21.375,70.475
2018-02-19 20:58:18,21.312,70.36160000000001
2018-02-19 20:58:19,21.375,70.475
2018-02-19 20:58:20,21.312,70.36160000000001
2018-02-19 20:58:21,21.312,70.36160000000001
2018-02-19 20:58:21,21.375,70.475
2018-02-19 20:58:22,21.375,70.475
2018-02-19 20:58:23,21.375,70.475
2018-02-19 20:58:24,21.375,70.475
2018-02-19 20:58:25,21.375,70.475
2018-02-19 20:58:26,21.375,70.475
2018-02-19 20:58:27,21.375,70.475
2018-02-19 20:58:28,21.312,70.36160000000001
2018-02-19 20:58:29,21.375,70.475
2018-02-19 20:58:29,21.375,70.475
2018-02-19 20:58:30,21.375,70.475
2018-02-19 20:58:31,21.375,70.475
2018-02-19 20:58:32,21.375,70.475
2018-02-19 20:58:33,21.375,70.475
2018-02-19 20:58:34,21.375,70.475
2018-02-19 20:58:35,21.375,70.475
2018-02-19 20:58:36,21.375,70.475
2018-02-19 20:58:36,21.375,70.475
2018-02-19 20:58:37,21.375,70.475
2018-02-19 20:58:38,21.375,70.475
2018-02-19 20:58:39,21.375,70.475
2018-02-19 20:58:40,21.375,70.475
2018-02-19 20:58:41,21.375,70.475
2018-02-19 20:58:42,21.375,70.475
2018-02-19 20:58:43,21.375,70.475
2018-02-19 20:58:43,21.375,70.475
2018-02-19 20:58:44,21.375,70.475
2018-02-19 20:58:45,21.375,70.475
2018-02-19 20:58:46,21.375,70.475
2018-02-19 20:58:47,21.375,70.475
2018-02-19 20:58:48,21.437,70.5866
2018-02-19 20:58:49,21.437,70.5866
2018-02-19 20:58:50,21.437,70.5866
2018-02-19 20:58:51,21.437,70.5866
2018-02-19 20:58:51,21.437,70.5866
2018-02-19 20:58:52,21.375,70.475
2018-02-19 20:58:53,21.375,70.475
2018-02-19 20:58:54,21.375,70.475
2018-02-19 20:58:55,21.375,70.475
2018-02-19 20:58:56,21.375,70.475
2018-02-19 20:58:57,21.375,70.475
2018-02-19 20:58:58,21.375,70.475
2018-02-19 20:58:58,21.375,70.475
2018-02-19 20:58:59,21.375,70.475
2018-02-19 20:59:00,21.375,70.475
2018-02-19 20:59:01,21.375,70.475
2018-02-19 20:59:02,21.375,70.475
2018-02-19 20:59:03,21.375,70.475
2018-02-19 20:59:04,21.375,70.475
2018-02-19 20:59:05,21.375,70.475
2018-02-19 20:59:05,21.375,70.475
2018-02-19 20:59:06,21.375,70.475
2018-02-19 20:59:07,21.375,70.475
2018-02-19 20:59:08,21.375,70.475
2018-02-19 20:59:09,21.375,70.475
2018-02-19 20:59:10,21.375,70.475
2018-02-19 20:59:11,21.375,70.475
2018-02-19 20:59:12,21.375,70.475
2018-02-19 20:59:13,21.375,70.475
2018-02-19 20:59:13,21.375,70.475
2018-02-19 20:59:14,21.375,70.475
2018-02-19 20:59:15,21.375,70.475
2018-02-19 20:59:16,21.375,70.475
2018-02-19 20:59:17,21.375,70.475
2018-02-19 20:59:18,21.375,70.475
2018-02-19 20:59:19,21.375,70.475
2018-02-19 20:59:20,21.375,70.475
2018-02-19 20:59:20,21.375,70.475
2018-02-19 20:59:21,21.375,70.475
2018-02-19 20:59:22,21.375,70.475
2018-02-19 20:59:23,21.375,70.475
2018-02-19 20:59:24,21.375,70.475
2018-02-19 20:59:25,21.375,70.475
2018-02-19 20:59:26,21.375,70.475
2018-02-19 20:59:27,21.375,70.475
2018-02-19 20:59:27,21.375,70.475
2018-02-19 20:59:28,21.375,70.475
2018-02-19 20:59:29,21.375,70.475
2018-02-19 20:59:30,21.375,70.475
2018-02-19 20:59:31,21.375,70.475
2018-02-19 20:59:32,21.375,70.475
2018-02-19 20:59:33,21.375,70.475
2018-02-19 20:59:34,21.375,70.475
2018-02-19 20:59:35,21.375,70.475
2018-02-19 20:59:35,21.375,70.475
2018-02-19 20:59:36,21.375,70.475
2018-02-19 20:59:37,21.375,70.475
2018-02-19 20:59:38,21.375,70.475
2018-02-19 20:59:39,21.375,70.475
2018-02-19 20:59:40,21.375,70.475
2018-02-19 20:59:41,21.375,70.475
2018-02-19 20:59:42,21.375,70.475
2018-02-19 20:59:43,21.312,70.36160000000001
2018-02-19 20:59:43,21.375,70.475
2018-02-19 20:59:44,21.312,70.36160000000001
2018-02-19 20:59:45,21.312,70.36160000000001
2018-02-19 20:59:46,21.312,70.36160000000001
2018-02-19 20:59:47,21.312,70.36160000000001
2018-02-19 20:59:48,21.312,70.36160000000001
2018-02-19 20:59:49,21.312,70.36160000000001
2018-02-19 20:59:50,21.312,70.36160000000001
2018-02-19 20:59:50,21.312,70.36160000000001
2018-02-19 20:59:51,21.312,70.36160000000001
2018-02-19 20:59:52,21.312,70.36160000000001
2018-02-19 20:59:53,21.312,70.36160000000001
2018-02-19 20:59:54,21.312,70.36160000000001
2018-02-19 20:59:55,21.312,70.36160000000001
2018-02-19 20:59:56,21.312,70.36160000000001
2018-02-19 20:59:57,21.312,70.36160000000001
2018-02-19 20:59:57,21.312,70.36160000000001
2018-02-19 20:59:58,21.312,70.36160000000001
2018-02-19 20:59:59,21.312,70.36160000000001
2018-02-19 21:00:00,21.312,70.36160000000001
2018-02-19 21:00:01,21.312,70.36160000000001
2018-02-19 21:00:02,21.312,70.36160000000001
2018-02-19 21:00:03,21.312,70.36160000000001
2018-02-19 21:00:04,21.312,70.36160000000001
2018-02-19 21:00:05,21.312,70.36160000000001
2018-02-19 21:00:05,21.312,70.36160000000001
2018-02-19 21:00:06,21.312,70.36160000000001
2018-02-19 21:00:07,21.312,70.36160000000001
2018-02-19 21:00:08,21.312,70.36160000000001
2018-02-19 21:00:09,21.312,70.36160000000001
2018-02-19 21:00:10,21.312,70.36160000000001
2018-02-19 21:00:11,21.312,70.36160000000001
2018-02-19 21:00:12,21.312,70.36160000000001
2018-02-19 21:00:12,21.312,70.36160000000001
2018-02-19 21:00:13,21.312,70.36160000000001
2018-02-19 21:00:14,21.312,70.36160000000001
2018-02-19 21:00:15,21.312,70.36160000000001
2018-02-19 21:00:16,21.312,70.36160000000001
2018-02-19 21:00:17,21.312,70.36160000000001
2018-02-19 21:00:18,21.312,70.36160000000001
2018-02-19 21:00:19,21.312,70.36160000000001
2018-02-19 21:00:19,21.312,70.36160000000001
2018-02-19 21:00:20,21.312,70.36160000000001
2018-02-19 21:00:21,21.312,70.36160000000001
2018-02-19 21:00:22,21.312,70.36160000000001
2018-02-19 21:00:23,21.312,70.36160000000001
2018-02-19 21:00:24,21.312,70.36160000000001
2018-02-19 21:00:25,21.312,70.36160000000001
2018-02-19 21:00:26,21.312,70.36160000000001
2018-02-19 21:00:27,21.375,70.475
2018-02-19 21:00:27,21.312,70.36160000000001
2018-02-19 21:00:28,21.312,70.36160000000001
2018-02-19 21:00:29,21.375,70.475
2018-02-19 21:00:30,21.375,70.475
2018-02-19 21:00:31,21.375,70.475
2018-02-19 21:00:32,21.375,70.475
2018-02-19 21:00:33,21.375,70.475
2018-02-19 21:00:34,21.375,70.475
2018-02-19 21:00:34,21.375,70.475
2018-02-19 21:00:35,21.375,70.475
2018-02-19 21:00:36,21.375,70.475
2018-02-19 21:00:37,21.375,70.475
2018-02-19 21:00:38,21.375,70.475
2018-02-19 21:00:39,21.375,70.475
2018-02-19 21:00:40,21.375,70.475
2018-02-19 21:00:41,21.375,70.475
2018-02-19 21:00:41,21.375,70.475
2018-02-19 21:00:42,21.375,70.475
2018-02-19 21:00:43,21.375,70.475
2018-02-19 21:00:44,21.375,70.475
2018-02-19 21:00:45,21.375,70.475
2018-02-19 21:00:46,21.375,70.475
2018-02-19 21:00:47,21.312,70.36160000000001
2018-02-19 21:00:48,21.312,70.36160000000001
2018-02-19 21:00:49,21.312,70.36160000000001
2018-02-19 21:00:49,21.312,70.36160000000001
2018-02-19 21:00:50,21.312,70.36160000000001
2018-02-19 21:00:51,21.312,70.36160000000001
2018-02-19 21:00:52,21.25,70.25
2018-02-19 21:00:53,21.25,70.25
2018-02-19 21:00:54,21.25,70.25
2018-02-19 21:00:55,21.25,70.25
2018-02-19 21:00:56,21.187,70.1366
2018-02-19 21:00:56,21.187,70.1366
2018-02-19 21:00:57,21.187,70.1366
2018-02-19 21:00:59,21.25,70.25
2018-02-19 21:01:00,21.25,70.25
2018-02-19 21:01:01,21.25,70.25
2018-02-19 21:01:02,21.25,70.25
2018-02-19 21:01:03,21.25,70.25
2018-02-19 21:01:04,21.25,70.25
2018-02-19 21:01:04,21.25,70.25
2018-02-19 21:01:05,21.25,70.25
2018-02-19 21:01:06,21.25,70.25
2018-02-19 21:01:07,21.25,70.25
2018-02-19 21:01:08,21.25,70.25
2018-02-19 21:01:09,21.25,70.25
2018-02-19 21:01:10,21.25,70.25
2018-02-19 21:01:11,21.25,70.25
2018-02-19 21:01:11,21.25,70.25
2018-02-19 21:01:12,21.25,70.25
2018-02-19 21:01:13,21.25,70.25
2018-02-19 21:01:14,21.25,70.25
2018-02-19 21:01:15,21.25,70.25
2018-02-19 21:01:16,21.25,70.25
2018-02-19 21:01:17,21.312,70.36160000000001
2018-02-19 21:01:18,21.25,70.25
2018-02-19 21:01:19,21.25,70.25
2018-02-19 21:01:19,21.25,70.25
2018-02-19 21:01:20,21.25,70.25
2018-02-19 21:01:21,21.25,70.25
2018-02-19 21:01:22,21.25,70.25
2018-02-19 21:01:23,21.25,70.25
2018-02-19 21:01:24,21.25,70.25
2018-02-19 21:01:25,21.25,70.25
2018-02-19 21:01:26,21.25,70.25
2018-02-19 21:01:26,21.25,70.25
2018-02-19 21:01:27,21.187,70.1366
2018-02-19 21:01:28,21.25,70.25
2018-02-19 21:01:29,21.187,70.1366
2018-02-19 21:01:30,21.25,70.25
2018-02-19 21:01:31,21.25,70.25
2018-02-19 21:01:32,21.25,70.25
2018-02-19 21:01:33,21.25,70.25
2018-02-19 21:01:33,21.187,70.1366
2018-02-19 21:01:34,21.187,70.1366
2018-02-19 21:01:35,21.187,70.1366
2018-02-19 21:01:36,21.187,70.1366
2018-02-19 21:01:37,21.187,70.1366
2018-02-19 21:01:38,21.187,70.1366
2018-02-19 21:01:39,21.187,70.1366
2018-02-19 21:01:40,21.187,70.1366
2018-02-19 21:01:41,21.187,70.1366
2018-02-19 21:01:41,21.187,70.1366
2018-02-19 21:01:42,21.187,70.1366
2018-02-19 21:01:43,21.187,70.1366
2018-02-19 21:01:44,21.187,70.1366
2018-02-19 21:01:45,21.187,70.1366
2018-02-19 21:01:46,21.187,70.1366
2018-02-19 21:01:47,21.187,70.1366
2018-02-19 21:01:48,21.187,70.1366
2018-02-19 21:01:48,21.187,70.1366
2018-02-19 21:01:49,21.187,70.1366
2018-02-19 21:01:50,21.187,70.1366
2018-02-19 21:01:51,21.187,70.1366
2018-02-19 21:01:52,21.187,70.1366
2018-02-19 21:01:53,21.187,70.1366
2018-02-19 21:01:54,21.187,70.1366
2018-02-19 21:01:55,21.187,70.1366
2018-02-19 21:01:55,21.187,70.1366
2018-02-19 21:01:56,21.187,70.1366
2018-02-19 21:01:57,21.187,70.1366
2018-02-19 21:01:58,21.187,70.1366
2018-02-19 21:01:59,21.187,70.1366
2018-02-19 21:02:00,21.187,70.1366
2018-02-19 21:02:01,21.187,70.1366
2018-02-19 21:02:02,21.187,70.1366
2018-02-19 21:02:03,21.125,70.025
2018-02-19 21:02:03,21.125,70.025
2018-02-19 21:02:04,21.187,70.1366
2018-02-19 21:02:05,21.187,70.1366
2018-02-19 21:02:06,21.187,70.1366
2018-02-19 21:02:07,21.125,70.025
2018-02-19 21:02:08,21.187,70.1366
2018-02-19 21:02:09,21.187,70.1366
2018-02-19 21:02:10,21.187,70.1366
2018-02-19 21:02:10,21.125,70.025
2018-02-19 21:02:11,21.187,70.1366
2018-02-19 21:02:12,21.187,70.1366
2018-02-19 21:02:13,21.125,70.025
2018-02-19 21:02:14,21.125,70.025
2018-02-19 21:02:15,21.125,70.025
2018-02-19 21:02:16,21.125,70.025
2018-02-19 21:02:17,21.125,70.025
2018-02-19 21:02:17,21.125,70.025
2018-02-19 21:02:18,21.125,70.025
2018-02-19 21:02:19,21.125,70.025
2018-02-19 21:02:20,21.125,70.025
2018-02-19 21:02:21,21.125,70.025
2018-02-19 21:02:22,21.125,70.025
2018-02-19 21:02:23,21.125,70.025
2018-02-19 21:02:24,21.125,70.025
2018-02-19 21:02:25,21.125,70.025
2018-02-19 21:02:25,21.125,70.025
2018-02-19 21:02:26,21.125,70.025
2018-02-19 21:02:27,21.125,70.025
2018-02-19 21:02:28,21.125,70.025
2018-02-19 21:02:29,21.125,70.025
2018-02-19 21:02:30,21.125,70.025
2018-02-19 21:02:31,21.125,70.025
2018-02-19 21:02:32,21.125,70.025
2018-02-19 21:02:33,21.062,69.9116
2018-02-19 21:02:33,21.062,69.9116
2018-02-19 21:02:34,21.062,69.9116
2018-02-19 21:02:35,21.062,69.9116
2018-02-19 21:02:36,21.062,69.9116
2018-02-19 21:02:37,21.062,69.9116
2018-02-19 21:02:38,21.125,70.025
2018-02-19 21:02:39,21.125,70.025
2018-02-19 21:02:40,21.062,69.9116
2018-02-19 21:02:40,21.062,69.9116
2018-02-19 21:02:41,21.062,69.9116
2018-02-19 21:02:42,21.125,70.025
2018-02-19 21:02:43,21.125,70.025
2018-02-19 21:02:44,21.125,70.025
2018-02-19 21:02:45,21.125,70.025
2018-02-19 21:02:46,21.125,70.025
2018-02-19 21:02:47,21.125,70.025
2018-02-19 21:02:47,21.125,70.025
2018-02-19 21:02:48,21.125,70.025
2018-02-19 21:02:49,21.125,70.025
2018-02-19 21:02:50,21.062,69.9116
2018-02-19 21:02:51,21.062,69.9116
2018-02-19 21:02:52,21.062,69.9116
2018-02-19 21:02:53,21.062,69.9116
2018-02-19 21:02:54,21.125,70.025
2018-02-19 21:02:55,21.062,69.9116
2018-02-19 21:02:55,21.062,69.9116
2018-02-19 21:02:56,21.062,69.9116
2018-02-19 21:02:57,21.062,69.9116
2018-02-19 21:02:58,21.062,69.9116
2018-02-19 21:02:59,21.062,69.9116
2018-02-19 21:03:00,21.062,69.9116
2018-02-19 21:03:01,21.062,69.9116
2018-02-19 21:03:02,21.062,69.9116
2018-02-19 21:03:02,21.062,69.9116
2018-02-19 21:03:03,21.0,69.8
2018-02-19 21:03:04,21.0,69.8
2018-02-19 21:03:05,21.0,69.8
2018-02-19 21:03:06,21.0,69.8
2018-02-19 21:03:07,21.0,69.8
2018-02-19 21:03:08,21.0,69.8
2018-02-19 21:03:09,21.0,69.8
2018-02-19 21:03:09,21.0,69.8
2018-02-19 21:03:10,21.0,69.8
2018-02-19 21:03:11,21.0,69.8
2018-02-19 21:03:12,21.0,69.8
2018-02-19 21:03:13,21.0,69.8
2018-02-19 21:03:14,21.0,69.8
2018-02-19 21:03:15,21.0,69.8
2018-02-19 21:03:16,20.937,69.6866
2018-02-19 21:03:17,21.0,69.8
2018-02-19 21:03:17,21.0,69.8
2018-02-19 21:03:18,21.0,69.8
2018-02-19 21:03:19,21.0,69.8
2018-02-19 21:03:20,21.0,69.8
2018-02-19 21:03:21,21.0,69.8
2018-02-19 21:03:22,21.0,69.8
2018-02-19 21:03:23,21.0,69.8
2018-02-19 21:03:24,21.0,69.8
2018-02-19 21:03:24,21.0,69.8
2018-02-19 21:03:25,21.0,69.8
2018-02-19 21:03:26,21.0,69.8
2018-02-19 21:03:27,20.937,69.6866
2018-02-19 21:03:28,20.937,69.6866
